Load earlier flights,,,,,,,Alexander City Thomas C Russell Field(ALX/KALX)
Loading...,,,,,,,Alexander City Thomas C Russell Field(ALX/KALX)
"Sorry, we don't have any information about flights for this airport",,,,,,,Alexander City Thomas C Russell Field(ALX/KALX)
Departed 11:17 11:00  Mobile(MOB) PA30N8800Y -,,,,,,,Alexander City Thomas C Russell Field(ALX/KALX)
Departed 13:13 13:15  Gulfport(GPT) BE36N475J -,,,,,,,Alexander City Thomas C Russell Field(ALX/KALX)
Departed 11:17 11:00  Mobile(MOB) PA30N8800Y -,,,,,,,Alexander City Thomas C Russell Field(ALX/KALX)
Departed 13:13 13:15  Gulfport(GPT) BE36N475J -,,,,,,,Alexander City Thomas C Russell Field(ALX/KALX)
Departed 11:17 11:00  Mobile(MOB) PA30N8800Y -,,,,,,,Alexander City Thomas C Russell Field(ALX/KALX)
Departed 13:13 13:15  Gulfport(GPT) BE36N475J -,,,,,,,Alexander City Thomas C Russell Field(ALX/KALX)
Departed 11:17 11:00  Mobile(MOB) PA30N8800Y -,,,,,,,Alexander City Thomas C Russell Field(ALX/KALX)
Departed 13:13 13:15  Gulfport(GPT) BE36N475J -,,,,,,,Alexander City Thomas C Russell Field(ALX/KALX)
Departed 11:17 11:00  Mobile(MOB) PA30N8800Y -,,,,,,,Alexander City Thomas C Russell Field(ALX/KALX)
Departed 13:13 13:15  Gulfport(GPT) BE36N475J -,,,,,,,Alexander City Thomas C Russell Field(ALX/KALX)
"Wednesday, Mar 13",,,,,,,Alexander City Thomas C Russell Field(ALX/KALX)
11:00,,Mobile (MOB)-,-,PA30 (N8800Y),,Departed 11:17,Alexander City Thomas C Russell Field(ALX/KALX),"Wednesday, Mar 13 2024"
13:15,,Gulfport (GPT)-,-,BE36 (N475J),,Departed 13:13,Alexander City Thomas C Russell Field(ALX/KALX),"Wednesday, Mar 13 2024"
11:00,,Mobile (MOB)-,-,PA30 (N8800Y),,Departed 11:17,Alexander City Thomas C Russell Field(ALX/KALX),"Wednesday, Mar 13 2024"
13:15,,Gulfport (GPT)-,-,BE36 (N475J),,Departed 13:13,Alexander City Thomas C Russell Field(ALX/KALX),"Wednesday, Mar 13 2024"
11:00,,Mobile (MOB)-,-,PA30 (N8800Y),,Departed 11:17,Alexander City Thomas C Russell Field(ALX/KALX),"Wednesday, Mar 13 2024"
13:15,,Gulfport (GPT)-,-,BE36 (N475J),,Departed 13:13,Alexander City Thomas C Russell Field(ALX/KALX),"Wednesday, Mar 13 2024"
11:00,,Mobile (MOB)-,-,PA30 (N8800Y),,Departed 11:17,Alexander City Thomas C Russell Field(ALX/KALX),"Wednesday, Mar 13 2024"
13:15,,Gulfport (GPT)-,-,BE36 (N475J),,Departed 13:13,Alexander City Thomas C Russell Field(ALX/KALX),"Wednesday, Mar 13 2024"
11:00,,Mobile (MOB)-,-,PA30 (N8800Y),,Departed 11:17,Alexander City Thomas C Russell Field(ALX/KALX),"Wednesday, Mar 13 2024"
13:15,,Gulfport (GPT)-,-,BE36 (N475J),,Departed 13:13,Alexander City Thomas C Russell Field(ALX/KALX),"Wednesday, Mar 13 2024"
Load later flights,,,,,,,Alexander City Thomas C Russell Field(ALX/KALX),"Wednesday, Mar 13 2024"
* All times are in local timezone,,,,,,,Alexander City Thomas C Russell Field(ALX/KALX),"Wednesday, Mar 13 2024"
