Load earlier flights,,,,,,,El Paso Biggs Field Airport(BIF/KBIF)
Loading...,,,,,,,El Paso Biggs Field Airport(BIF/KBIF)
"Sorry, we don't have any information about flights for this airport",,,,,,,El Paso Biggs Field Airport(BIF/KBIF)
Landed 13:04 12:30 5Y8339 Frankfurt(HHN) B763N662GTAtlas Air -,,,,,,,El Paso Biggs Field Airport(BIF/KBIF)
Landed 13:04 12:30 5Y8339 Frankfurt(HHN) B763N662GTAtlas Air -,,,,,,,El Paso Biggs Field Airport(BIF/KBIF)
Landed 13:04 12:30 5Y8339 Frankfurt(HHN) B763N662GTAtlas Air -,,,,,,,El Paso Biggs Field Airport(BIF/KBIF)
Landed 13:04 12:30 5Y8339 Frankfurt(HHN) B763N662GTAtlas Air -,,,,,,,El Paso Biggs Field Airport(BIF/KBIF)
Landed 13:04 12:30 5Y8339 Frankfurt(HHN) B763N662GTAtlas Air -,,,,,,,El Paso Biggs Field Airport(BIF/KBIF)
"Tuesday, Mar 12",,,,,,,El Paso Biggs Field Airport(BIF/KBIF)
12:30,5Y8339,Frankfurt (HHN)-,Atlas Air -,B763 (N662GT),,Landed 13:04,El Paso Biggs Field Airport(BIF/KBIF),"Tuesday, Mar 12 2024"
12:30,5Y8339,Frankfurt (HHN)-,Atlas Air -,B763 (N662GT),,Landed 13:04,El Paso Biggs Field Airport(BIF/KBIF),"Tuesday, Mar 12 2024"
12:30,5Y8339,Frankfurt (HHN)-,Atlas Air -,B763 (N662GT),,Landed 13:04,El Paso Biggs Field Airport(BIF/KBIF),"Tuesday, Mar 12 2024"
12:30,5Y8339,Frankfurt (HHN)-,Atlas Air -,B763 (N662GT),,Landed 13:04,El Paso Biggs Field Airport(BIF/KBIF),"Tuesday, Mar 12 2024"
12:30,5Y8339,Frankfurt (HHN)-,Atlas Air -,B763 (N662GT),,Landed 13:04,El Paso Biggs Field Airport(BIF/KBIF),"Tuesday, Mar 12 2024"
Load later flights,,,,,,,El Paso Biggs Field Airport(BIF/KBIF),"Tuesday, Mar 12 2024"
* All times are in local timezone,,,,,,,El Paso Biggs Field Airport(BIF/KBIF),"Tuesday, Mar 12 2024"
