Load earlier flights,,,,,,,Colorado Springs Meadow Lake Airport(QTL/KFLY)
Loading...,,,,,,,Colorado Springs Meadow Lake Airport(QTL/KFLY)
"Sorry, we don't have any information about flights for this airport",,,,,,,Colorado Springs Meadow Lake Airport(QTL/KFLY)
Unknown  23:06  Cheyenne(CYS) C172N6026S -,,,,,,,Colorado Springs Meadow Lake Airport(QTL/KFLY)
Unknown  23:06  Cheyenne(CYS) C172N6026S -,,,,,,,Colorado Springs Meadow Lake Airport(QTL/KFLY)
Unknown  23:06  Cheyenne(CYS) C172N6026S -,,,,,,,Colorado Springs Meadow Lake Airport(QTL/KFLY)
Unknown  23:06  Cheyenne(CYS) C172N6026S -,,,,,,,Colorado Springs Meadow Lake Airport(QTL/KFLY)
Unknown  23:06  Cheyenne(CYS) C172N6026S -,,,,,,,Colorado Springs Meadow Lake Airport(QTL/KFLY)
"Monday, Mar 11",,,,,,,Colorado Springs Meadow Lake Airport(QTL/KFLY)
23:06,,Cheyenne (CYS)-,-,C172 (N6026S),,Unknown,Colorado Springs Meadow Lake Airport(QTL/KFLY),"Monday, Mar 11 2024"
23:06,,Cheyenne (CYS)-,-,C172 (N6026S),,Unknown,Colorado Springs Meadow Lake Airport(QTL/KFLY),"Monday, Mar 11 2024"
23:06,,Cheyenne (CYS)-,-,C172 (N6026S),,Unknown,Colorado Springs Meadow Lake Airport(QTL/KFLY),"Monday, Mar 11 2024"
23:06,,Cheyenne (CYS)-,-,C172 (N6026S),,Unknown,Colorado Springs Meadow Lake Airport(QTL/KFLY),"Monday, Mar 11 2024"
23:06,,Cheyenne (CYS)-,-,C172 (N6026S),,Unknown,Colorado Springs Meadow Lake Airport(QTL/KFLY),"Monday, Mar 11 2024"
Load later flights,,,,,,,Colorado Springs Meadow Lake Airport(QTL/KFLY),"Monday, Mar 11 2024"
* All times are in local timezone,,,,,,,Colorado Springs Meadow Lake Airport(QTL/KFLY),"Monday, Mar 11 2024"
