Load earlier flights,,,,,,,Anderson Municipal Airport(AID/KAID)
Loading...,,,,,,,Anderson Municipal Airport(AID/KAID)
"Sorry, we don't have any information about flights for this airport",,,,,,,Anderson Municipal Airport(AID/KAID)
Canceled  17:54 EJA651 St. Louis(SUS) C68ANetJets -,,,,,,,Anderson Municipal Airport(AID/KAID)
Canceled  17:54 EJA651 St. Louis(SUS) C68ANetJets -,,,,,,,Anderson Municipal Airport(AID/KAID)
Canceled  17:54 EJA651 St. Louis(SUS) C68ANetJets -,,,,,,,Anderson Municipal Airport(AID/KAID)
Canceled  17:54 EJA651 St. Louis(SUS) C68ANetJets -,,,,,,,Anderson Municipal Airport(AID/KAID)
Canceled  17:54 EJA651 St. Louis(SUS) C68ANetJets -,,,,,,,Anderson Municipal Airport(AID/KAID)
"Tuesday, Mar 12",,,,,,,Anderson Municipal Airport(AID/KAID)
17:54,EJA651,St. Louis (SUS)-,NetJets -,C68A (),,Canceled,Anderson Municipal Airport(AID/KAID),"Tuesday, Mar 12 2024"
17:54,EJA651,St. Louis (SUS)-,NetJets -,C68A (),,Canceled,Anderson Municipal Airport(AID/KAID),"Tuesday, Mar 12 2024"
17:54,EJA651,St. Louis (SUS)-,NetJets -,C68A (),,Canceled,Anderson Municipal Airport(AID/KAID),"Tuesday, Mar 12 2024"
17:54,EJA651,St. Louis (SUS)-,NetJets -,C68A (),,Canceled,Anderson Municipal Airport(AID/KAID),"Tuesday, Mar 12 2024"
17:54,EJA651,St. Louis (SUS)-,NetJets -,C68A (),,Canceled,Anderson Municipal Airport(AID/KAID),"Tuesday, Mar 12 2024"
Load later flights,,,,,,,Anderson Municipal Airport(AID/KAID),"Tuesday, Mar 12 2024"
* All times are in local timezone,,,,,,,Anderson Municipal Airport(AID/KAID),"Tuesday, Mar 12 2024"
