Load earlier flights,,,,,,,Hanford Municipal Airport(QQO/KHJO)
Loading...,,,,,,,Hanford Municipal Airport(QQO/KHJO)
"Sorry, we don't have any information about flights for this airport",,,,,,,Hanford Municipal Airport(QQO/KHJO)
Departed 09:12 09:15  Burbank(BUR) BE9LN805KB -,,,,,,,Hanford Municipal Airport(QQO/KHJO)
Departed 09:12 09:15  Burbank(BUR) BE9LN805KB -,,,,,,,Hanford Municipal Airport(QQO/KHJO)
Departed 09:12 09:15  Burbank(BUR) BE9LN805KB -,,,,,,,Hanford Municipal Airport(QQO/KHJO)
Departed 09:12 09:15  Burbank(BUR) BE9LN805KB -,,,,,,,Hanford Municipal Airport(QQO/KHJO)
Departed 09:12 09:15  Burbank(BUR) BE9LN805KB -,,,,,,,Hanford Municipal Airport(QQO/KHJO)
"Tuesday, Mar 12",,,,,,,Hanford Municipal Airport(QQO/KHJO)
09:15,,Burbank (BUR)-,-,BE9L (N805KB),,Departed 09:12,Hanford Municipal Airport(QQO/KHJO),"Tuesday, Mar 12 2024"
09:15,,Burbank (BUR)-,-,BE9L (N805KB),,Departed 09:12,Hanford Municipal Airport(QQO/KHJO),"Tuesday, Mar 12 2024"
09:15,,Burbank (BUR)-,-,BE9L (N805KB),,Departed 09:12,Hanford Municipal Airport(QQO/KHJO),"Tuesday, Mar 12 2024"
09:15,,Burbank (BUR)-,-,BE9L (N805KB),,Departed 09:12,Hanford Municipal Airport(QQO/KHJO),"Tuesday, Mar 12 2024"
09:15,,Burbank (BUR)-,-,BE9L (N805KB),,Departed 09:12,Hanford Municipal Airport(QQO/KHJO),"Tuesday, Mar 12 2024"
Load later flights,,,,,,,Hanford Municipal Airport(QQO/KHJO),"Tuesday, Mar 12 2024"
* All times are in local timezone,,,,,,,Hanford Municipal Airport(QQO/KHJO),"Tuesday, Mar 12 2024"
