Load earlier flights,,,,,,,Greenville Donaldson Center Airport(GDC/KGYH)
Loading...,,,,,,,Greenville Donaldson Center Airport(GDC/KGYH)
"Sorry, we don't have any information about flights for this airport",,,,,,,Greenville Donaldson Center Airport(GDC/KGYH)
Departed 01:17 01:20 DVY419 Smyrna(MQY) SF34N419CLLegends Airways -,,,,,,,Greenville Donaldson Center Airport(GDC/KGYH)
Departed 06:19 05:30 DVY361 Smyrna(MQY) SF34N361CLLegends Airways -,,,,,,,Greenville Donaldson Center Airport(GDC/KGYH)
Departed 01:17 01:20 DVY419 Smyrna(MQY) SF34N419CLLegends Airways -,,,,,,,Greenville Donaldson Center Airport(GDC/KGYH)
Departed 06:19 05:30 DVY361 Smyrna(MQY) SF34N361CLLegends Airways -,,,,,,,Greenville Donaldson Center Airport(GDC/KGYH)
Departed 01:17 01:20 DVY419 Smyrna(MQY) SF34N419CLLegends Airways -,,,,,,,Greenville Donaldson Center Airport(GDC/KGYH)
Departed 06:19 05:30 DVY361 Smyrna(MQY) SF34N361CLLegends Airways -,,,,,,,Greenville Donaldson Center Airport(GDC/KGYH)
Departed 01:17 01:20 DVY419 Smyrna(MQY) SF34N419CLLegends Airways -,,,,,,,Greenville Donaldson Center Airport(GDC/KGYH)
Departed 06:19 05:30 DVY361 Smyrna(MQY) SF34N361CLLegends Airways -,,,,,,,Greenville Donaldson Center Airport(GDC/KGYH)
Departed 01:17 01:20 DVY419 Smyrna(MQY) SF34N419CLLegends Airways -,,,,,,,Greenville Donaldson Center Airport(GDC/KGYH)
Departed 06:19 05:30 DVY361 Smyrna(MQY) SF34N361CLLegends Airways -,,,,,,,Greenville Donaldson Center Airport(GDC/KGYH)
"Wednesday, Mar 13",,,,,,,Greenville Donaldson Center Airport(GDC/KGYH)
01:20,DVY419,Smyrna (MQY)-,Legends Airways -,SF34 (N419CL),,Departed 01:17,Greenville Donaldson Center Airport(GDC/KGYH),"Wednesday, Mar 13 2024"
05:30,DVY361,Smyrna (MQY)-,Legends Airways -,SF34 (N361CL),,Departed 06:19,Greenville Donaldson Center Airport(GDC/KGYH),"Wednesday, Mar 13 2024"
01:20,DVY419,Smyrna (MQY)-,Legends Airways -,SF34 (N419CL),,Departed 01:17,Greenville Donaldson Center Airport(GDC/KGYH),"Wednesday, Mar 13 2024"
05:30,DVY361,Smyrna (MQY)-,Legends Airways -,SF34 (N361CL),,Departed 06:19,Greenville Donaldson Center Airport(GDC/KGYH),"Wednesday, Mar 13 2024"
01:20,DVY419,Smyrna (MQY)-,Legends Airways -,SF34 (N419CL),,Departed 01:17,Greenville Donaldson Center Airport(GDC/KGYH),"Wednesday, Mar 13 2024"
05:30,DVY361,Smyrna (MQY)-,Legends Airways -,SF34 (N361CL),,Departed 06:19,Greenville Donaldson Center Airport(GDC/KGYH),"Wednesday, Mar 13 2024"
01:20,DVY419,Smyrna (MQY)-,Legends Airways -,SF34 (N419CL),,Departed 01:17,Greenville Donaldson Center Airport(GDC/KGYH),"Wednesday, Mar 13 2024"
05:30,DVY361,Smyrna (MQY)-,Legends Airways -,SF34 (N361CL),,Departed 06:19,Greenville Donaldson Center Airport(GDC/KGYH),"Wednesday, Mar 13 2024"
01:20,DVY419,Smyrna (MQY)-,Legends Airways -,SF34 (N419CL),,Departed 01:17,Greenville Donaldson Center Airport(GDC/KGYH),"Wednesday, Mar 13 2024"
05:30,DVY361,Smyrna (MQY)-,Legends Airways -,SF34 (N361CL),,Departed 06:19,Greenville Donaldson Center Airport(GDC/KGYH),"Wednesday, Mar 13 2024"
Load later flights,,,,,,,Greenville Donaldson Center Airport(GDC/KGYH),"Wednesday, Mar 13 2024"
* All times are in local timezone,,,,,,,Greenville Donaldson Center Airport(GDC/KGYH),"Wednesday, Mar 13 2024"
