Load earlier flights,,,,,,,Greenwood Leflore Airport(GWO/KGWO)
Loading...,,,,,,,Greenwood Leflore Airport(GWO/KGWO)
"Sorry, we don't have any information about flights for this airport",,,,,,,Greenwood Leflore Airport(GWO/KGWO)
Departed 17:12 16:45  Houston(DWH) PC12N295AFPlaneSense -,,,,,,,Greenwood Leflore Airport(GWO/KGWO)
Departed 17:12 16:45  Houston(DWH) PC12N295AFPlaneSense -,,,,,,,Greenwood Leflore Airport(GWO/KGWO)
Departed 17:12 16:45  Houston(DWH) PC12N295AFPlaneSense -,,,,,,,Greenwood Leflore Airport(GWO/KGWO)
Departed 17:12 16:45  Houston(DWH) PC12N295AFPlaneSense -,,,,,,,Greenwood Leflore Airport(GWO/KGWO)
Departed 17:12 16:45  Houston(DWH) PC12N295AFPlaneSense -,,,,,,,Greenwood Leflore Airport(GWO/KGWO)
"Tuesday, Mar 12",,,,,,,Greenwood Leflore Airport(GWO/KGWO)
16:45,,Houston (DWH)-,PlaneSense -,PC12 (N295AF),,Departed 17:12,Greenwood Leflore Airport(GWO/KGWO),"Tuesday, Mar 12 2024"
16:45,,Houston (DWH)-,PlaneSense -,PC12 (N295AF),,Departed 17:12,Greenwood Leflore Airport(GWO/KGWO),"Tuesday, Mar 12 2024"
16:45,,Houston (DWH)-,PlaneSense -,PC12 (N295AF),,Departed 17:12,Greenwood Leflore Airport(GWO/KGWO),"Tuesday, Mar 12 2024"
16:45,,Houston (DWH)-,PlaneSense -,PC12 (N295AF),,Departed 17:12,Greenwood Leflore Airport(GWO/KGWO),"Tuesday, Mar 12 2024"
16:45,,Houston (DWH)-,PlaneSense -,PC12 (N295AF),,Departed 17:12,Greenwood Leflore Airport(GWO/KGWO),"Tuesday, Mar 12 2024"
Load later flights,,,,,,,Greenwood Leflore Airport(GWO/KGWO),"Tuesday, Mar 12 2024"
* All times are in local timezone,,,,,,,Greenwood Leflore Airport(GWO/KGWO),"Tuesday, Mar 12 2024"
