Loading earlier flights...,,,,,,,Grand Island Central Nebraska Regional Airport(GRI/KGRI)
Loading...,,,,,,,Grand Island Central Nebraska Regional Airport(GRI/KGRI)
"Sorry, we don't have any information about flights for this airport",,,,,,,Grand Island Central Nebraska Regional Airport(GRI/KGRI)
Estimated dep.  12:10 12:00 JRT58 South Lake Tahoe(TVL) LJ75JetRight -,,,,,,,Grand Island Central Nebraska Regional Airport(GRI/KGRI)
Estimated dep.  15:07 15:07 AA3295 Dallas(DFW) CRJ7N713EVAmerican Eagle -,,,,,,,Grand Island Central Nebraska Regional Airport(GRI/KGRI)
Estimated dep.  06:18 06:18 AA6254 Dallas(DFW) CRJ7N614QXAmerican Eagle -,,,,,,,Grand Island Central Nebraska Regional Airport(GRI/KGRI)
Estimated dep.  15:07 15:07 AA3295 Dallas(DFW) CR7American Airlines -,,,,,,,Grand Island Central Nebraska Regional Airport(GRI/KGRI)
Scheduled  17:43 G436 Las Vegas(LAS) 319Allegiant Air -,,,,,,,Grand Island Central Nebraska Regional Airport(GRI/KGRI)
"Wednesday, Mar 13",,,,,,,Grand Island Central Nebraska Regional Airport(GRI/KGRI)
12:00,JRT58,South Lake Tahoe (TVL)-,JetRight -,LJ75 (),,Estimated dep.  12:10,Grand Island Central Nebraska Regional Airport(GRI/KGRI),"Wednesday, Mar 13 2024"
15:07,AA3295,Dallas (DFW)-,American Eagle -,CRJ7 (N713EV),,Estimated dep.  15:07,Grand Island Central Nebraska Regional Airport(GRI/KGRI),"Wednesday, Mar 13 2024"
"Thursday, Mar 14",,,,,,,Grand Island Central Nebraska Regional Airport(GRI/KGRI)
06:18,AA6254,Dallas (DFW)-,American Eagle -,CRJ7 (N614QX),,Estimated dep.  06:18,Grand Island Central Nebraska Regional Airport(GRI/KGRI),"Thursday, Mar 14 2024"
15:07,AA3295,Dallas (DFW)-,American Airlines -,CR7 (),,Estimated dep.  15:07,Grand Island Central Nebraska Regional Airport(GRI/KGRI),"Thursday, Mar 14 2024"
17:43,G436,Las Vegas (LAS)-,Allegiant Air -,319 (),,Scheduled,Grand Island Central Nebraska Regional Airport(GRI/KGRI),"Thursday, Mar 14 2024"
Loading later flights...,,,,,,,Grand Island Central Nebraska Regional Airport(GRI/KGRI),"Thursday, Mar 14 2024"
* All times are in local timezone,,,,,,,Grand Island Central Nebraska Regional Airport(GRI/KGRI),"Thursday, Mar 14 2024"
